#RESPONSIBILITY,VIEW NAME,DESCRIPTION
LM File Integration Administrator,LM FINT Error Codes List View,LM FINT Error Codes List View
LM File Integration Administrator,LM FINT File Data Error View,LM FINT File Data Error View
LM File Integration Administrator,LM FINT File Data View,LM FINT File Data View
LM File Integration Administrator,LM FINT File List View,LM FINT File List View
LM File Integration Administrator,LM FINT File Log Detail View,LM FINT File Log Detail View
LM File Integration Administrator,LM FINT Integration Alert View,LM FINT Integration Alert View
LM File Integration Administrator,LM FINT Integration Attribute View,LM FINT Integration Attribute View
LM File Integration Administrator,LM FINT Integration Error View,LM FINT Integration Error View
LM File Integration Administrator,LM FINT Integration Event View,LM FINT Integration Event View
LM File Integration Administrator,LM FINT Integration File View,LM FINT Integration File View
LM File Integration Administrator,LM FINT Integration List View,LM FINT Integration List View
LM File Integration Administrator,LM FINT Integration Log Detail View,LM FINT Integration Log Detail View
LM File Integration Administrator,LM FINT Integration Log View,LM FINT Integration Log View
LM File Integration Administrator,LM FINT Integration Parameter View,LM FINT Integration Parameter View
LM File Integration Administrator,LM FINT Integration Schedule View,LM FINT Integration Schedule View
LM File Integration Administrator,LM FINT My File List View,LM FINT My File List View
LM File Integration Administrator,LM FINT Setup List View,LM FINT Setup List View
LM File Integration Administrator,LM FINT Template Attribute Detail View,LM FINT Template Attribute Detail View
LM File Integration Administrator,LM FINT Template Attribute Header View,LM FINT Template Attribute Header View
LM File Integration Administrator,LM FINT Template Attribute Trailer View,LM FINT Template Attribute Trailer View
LM File Integration Administrator,LM FINT Template Integration View,LM FINT Template Integration View
LM File Integration Administrator,LM FINT Template List View,LM FINT Template List View
LM File Integration Administrator,LM FINT File Response Detail View,LM FINT File Response Detail View