#OBJECT,NAME,QUERY
LM FINT File,All Files,\\"'LM FINT File'.Search = \"\"\"\"\"
LM FINT File,Completed Files,\"'LM FINT File'.Search = \"\"[Status] = LookupValue ( \"\"\"\"LM_FINT_FILE_STATUS\"\"\"\", \"\"\"\"Complete\"\"\"\" )\"\"\"
LM FINT File,Pending Files,\"'LM FINT File'.Search = \"\"[Status] <> LookupValue ( \"\"\"\"LM_FINT_FILE_STATUS\"\"\"\", \"\"\"\"Complete\"\"\"\" )\"\"\"
LM FINT Integration,All Files,\"'LM FINT File'.Search = \"\"\"\"\"
LM FINT Integration,Completed Files,\"'LM FINT File'.Search = \"\"[Status] = LookupValue ( \"\"\"\"LM_FINT_FILE_STATUS\"\"\"\", \"\"\"\"Complete\"\"\"\" )\"\"\"
LM FINT Integration,Pending Files,\"'LM FINT File'.Search = \"\"[Status] <> LookupValue ( \"\"\"\"LM_FINT_FILE_STATUS\"\"\"\", \"\"\"\"Complete\"\"\"\" )\"\"\"