#TYPE,NAME,VAL,ACTIVE_FLG,ORDER_BY,DESC_TEXT,PAR_TYPE,PAR_NAME,PAR_VAL
LOV_TYPE,LM_FINT_ALERT_NTFY_TYPE,LM_FINT_ALERT_NTFY_TYPE,Y,,,,,
LOV_TYPE,LM_FINT_ATTRIB_DATATYPE,LM_FINT_ATTRIB_DATATYPE,Y,,,,,
LOV_TYPE,LM_FINT_ERROR_ENTITY,LM_FINT_ERROR_ENTITY,Y,,,,,
LOV_TYPE,LM_FINT_ERROR_SOURCE,LM_FINT_ERROR_SOURCE,Y,,,,,
LOV_TYPE,LM_FINT_FILE_FORMAT,LM_FINT_FILE_FORMAT,Y,,,,,
LOV_TYPE,LM_FINT_FILE_STAGE,LM_FINT_FILE_STAGE,Y,,,,,
LOV_TYPE,LM_FINT_FILE_STATUS,LM_FINT_FILE_STATUS,Y,,,,,
LOV_TYPE,LM_FINT_FTP_AUTH_TYPE,LM_FINT_FTP_AUTH_TYPE,Y,,,,,
LOV_TYPE,LM_FINT_FTP_PROTOCOL,LM_FINT_FTP_PROTOCOL,Y,,,,,
LOV_TYPE,LM_FINT_INTG_DIRECTION,LM_FINT_INTG_DIRECTION,Y,,,,,
LOV_TYPE,LM_FINT_INTG_EVENT,LM_FINT_INTG_EVENT,Y,,,,,
LOV_TYPE,LM_FINT_INTG_OPERATION,LM_FINT_INTG_OPERATION,Y,,,,,
LOV_TYPE,LM_FINT_INTG_TYPE,LM_FINT_INTG_TYPE,Y,,,,,
LOV_TYPE,LM_FINT_RETRY_FREQUENCY,LM_FINT_RETRY_FREQUENCY,Y,,,,,
LOV_TYPE,LM_FINT_SUCCESS_THRSHLD,LM_FINT_SUCCESS_THRSHLD,Y,,,,,
LOV_TYPE,LM_FINT_TMPL_ATTRIBUTE,LM_FINT_TMPL_ATTRIBUTE,Y,,,,,
LOV_TYPE,LM_FINT_TMPL_STATUS,LM_FINT_TMPL_STATUS,Y,,,,,
LOV_TYPE,LM_FINT_TXN_DEFAULTS,LM_FINT_TXN_DEFAULTS,Y,,,,,
LOV_TYPE,LM_FINT_FTP_DOWNLOADED_TYPE,LM_FINT_FTP_DOWNLOADED_TYPE,Y,,,,,
LM_FINT_ALERT_NTFY_TYPE,Start,Start,Y,1,,,,
LM_FINT_ALERT_NTFY_TYPE,Error,Error,Y,2,,,,
LM_FINT_ALERT_NTFY_TYPE,Success,Success,Y,3,,,,
LM_FINT_ATTRIB_DATATYPE,Character,Character,Y,1,,,,
LM_FINT_ATTRIB_DATATYPE,Date,Date,Y,2,,,,
LM_FINT_ATTRIB_DATATYPE,Number,Number,Y,3,,,,
LM_FINT_ERROR_ENTITY,LOY Member,LOY Member,Y,1,,,,
LM_FINT_ERROR_ENTITY,LOY Transaction,LOY Transaction,Y,2,,,,
LM_FINT_ERROR_ENTITY,Both,Both,Y,3,,,,
LM_FINT_ERROR_SOURCE,File Validation,File Validation,Y,1,,,,
LM_FINT_ERROR_SOURCE,Data Validation,Data Validation,Y,2,,,,
LM_FINT_ERROR_SOURCE,Loading EIM,Loading EIM,Y,3,,,,
LM_FINT_ERROR_SOURCE,Loading Siebel,Loading Siebel,Y,4,,,,
LM_FINT_ERROR_SOURCE,LOY Engine Process,LOY Engine Process,Y,5,,,,
LM_FINT_FILE_FORMAT,Delimited,Delimited,Y,1,,,,
LM_FINT_FILE_FORMAT,Fixed,Fixed,Y,2,,,,
LM_FINT_FILE_STAGE,Initializing,Initializing,Y,1,,,,
LM_FINT_FILE_STAGE,File Validation,File Validation,Y,2,,,,
LM_FINT_FILE_STAGE,DB Revalidation,DB Revalidation,Y,3,,,,
LM_FINT_FILE_STAGE,Product Validation,Product Validation,Y,4,,,,
LM_FINT_FILE_STAGE,Member Validation,Member Validation,Y,5,,,,
LM_FINT_FILE_STAGE,Duplicate Check,Duplicate Check,Y,6,,,,
LM_FINT_FILE_STAGE,EIM Staging,EIM Staging,Y,7,,,,
LM_FINT_FILE_STAGE,EIM Execution,EIM Execution,Y,8,,,,
LM_FINT_FILE_STAGE,EIM Accruals,EIM Accruals,Y,9,,,,
LM_FINT_FILE_STAGE,EIM Redemptions,EIM Redemptions,Y,10,,,,
LM_FINT_FILE_STAGE,ID Linkage,ID Linkage,Y,11,,,,
LM_FINT_FILE_STAGE,Engine Wait,Engine Wait,Y,12,,,,
LM_FINT_FILE_STAGE,Response Generation,Response Generation,Y,13,,,,
LM_FINT_FILE_STAGE,Response SFTP,Response SFTP,Y,14,,,,
LM_FINT_FILE_STAGE,Finished,Finished,Y,15,,,,
LM_FINT_FILE_STAGE,File Reload,File Reload,Y,16,,,,
LM_FINT_FILE_STATUS,Running,Running,Y,1,,,,
LM_FINT_FILE_STATUS,Complete,Complete,Y,2,,,,
LM_FINT_FILE_STATUS,Partially Complete,Partially Complete,Y,3,,,,
LM_FINT_FILE_STATUS,Failed,Failed,Y,4,,,,
LM_FINT_FILE_STATUS,Queued,Queued,Y,5,,,,
LM_FINT_FILE_STATUS,Pending,Pending,Y,6,,,,
LM_FINT_FTP_AUTH_TYPE,Login,Login,Y,1,,,,
LM_FINT_FTP_AUTH_TYPE,File,File,Y,2,,,,
LM_FINT_FTP_PROTOCOL,SFTP,SFTP,Y,1,,,,
LM_FINT_INTG_DIRECTION,Inbound,Inbound,Y,1,,,,
LM_FINT_INTG_DIRECTION,Outbound,Outbound,Y,2,,,,
LM_FINT_INTG_EVENT,Before Integration,Before Integration,Y,1,,,,
LM_FINT_INTG_EVENT,Before File,Before File,Y,2,,,,
LM_FINT_INTG_EVENT,Before File Validation,Before File Validation,Y,3,,,,
LM_FINT_INTG_EVENT,After File Validation,After File Validation,Y,4,,,,
LM_FINT_INTG_EVENT,Before Member Validation,Before Member Validation,Y,5,,,,
LM_FINT_INTG_EVENT,After Member Validation,After Member Validation,Y,6,,,,
LM_FINT_INTG_EVENT,Before Product Validation,Before Product Validation,Y,7,,,,
LM_FINT_INTG_EVENT,Before Duplicate Check,Before Duplicate Check,Y,8,,,,
LM_FINT_INTG_EVENT,After Duplicate Check,After Duplicate Check,Y,9,,,,
LM_FINT_INTG_EVENT,Before EIM Staging,Before EIM Staging,Y,10,,,,
LM_FINT_INTG_EVENT,After EIM Staging,After EIM Staging,Y,11,,,,
LM_FINT_INTG_EVENT,Before EIM Execution,Before EIM Execution,Y,12,,,,
LM_FINT_INTG_EVENT,After EIM Execution,After EIM Execution,Y,13,,,,
LM_FINT_INTG_EVENT,Before ID Linkage,Before ID Linkage,Y,14,,,,
LM_FINT_INTG_EVENT,After ID Linkage,After ID Linkage,Y,15,,,,
LM_FINT_INTG_EVENT,Before Engine Wait,Before Engine Wait,Y,16,,,,
LM_FINT_INTG_EVENT,After Engine Wait,After Engine Wait,Y,17,,,,
LM_FINT_INTG_EVENT,After File,After File,Y,18,,,,
LM_FINT_INTG_EVENT,After Integration,After Integration,Y,19,,,,
LM_FINT_INTG_EVENT,Before Response SFTP,Before Response SFTP,Y,20,,,,
LM_FINT_INTG_EVENT,After Response SFTP,After Response SFTP,Y,21,,,,
LM_FINT_INTG_EVENT,After File,After File,Y,22,,,,
LM_FINT_INTG_EVENT,After Integration,After Integration,Y,23,,,,
LM_FINT_INTG_OPERATION,Insert,Insert,Y,1,,,,
LM_FINT_INTG_OPERATION,Update,Update,Y,2,,,,
LM_FINT_INTG_TYPE,TxnImport,Transaction Import,Y,1,,,,
LM_FINT_INTG_TYPE,EIMImport,EIM Import,Y,2,,,,
LM_FINT_INTG_TYPE,FileImport,File Import,Y,3,,,,
LM_FINT_RETRY_FREQUENCY,Minutes,Minutes,Y,1,,,,
LM_FINT_RETRY_FREQUENCY,Hours,Hours,Y,2,,,,
LM_FINT_RETRY_FREQUENCY,Days,Days,Y,3,,,,
LM_FINT_SUCCESS_THRSHLD,Default,80,Y,,,,,
LM_FINT_TMPL_ATTRIBUTE,Header,Header,Y,1,,,,
LM_FINT_TMPL_ATTRIBUTE,Detail,Detail,Y,2,,,,
LM_FINT_TMPL_ATTRIBUTE,Trailer,Trailer,Y,3,,,,
LM_FINT_TMPL_STATUS,New,New,Y,1,,,,
LM_FINT_TMPL_STATUS,Active,Active,Y,2,,,,
LM_FINT_TMPL_STATUS,Revise,Revise,Y,3,,,,
LM_FINT_TMPL_STATUS,Expire,Expire,Y,4,,,,
LM_FINT_TXN_DEFAULTS,Currency Code,Currency Code,Y,,USD,,,
LM_FINT_TXN_DEFAULTS,Member Business Unit,Member Business Unit,Y,,Default Organization,,,
LM_FINT_TXN_DEFAULTS,Member Program Business Unit,Member Program Business Unit,Y,,Default Organization,,,
LM_FINT_TXN_DEFAULTS,Override Price Flag,Override Price Flag,Y,,N,,,
LM_FINT_TXN_DEFAULTS,Override duplicate check flag,Override duplicate check flag,Y,,N,,,
LM_FINT_TXN_DEFAULTS,Owner,Owner,Y,,SADMIN,,,
LM_FINT_TXN_DEFAULTS,Partner Business Unit,Partner Business Unit,Y,,Default Organization,,,
LM_FINT_TXN_DEFAULTS,Partner Location,Partner Location,Y,,INTERNAL,,,
LM_FINT_TXN_DEFAULTS,Points Expire In Days,Points Expire In Days,Y,,0,,,
LM_FINT_TXN_DEFAULTS,Product Account Busines Unit,Product Account Busines Unit,Y,,Default Organization,,,
LM_FINT_TXN_DEFAULTS,Product Account Location,Product Account Location,Y,,Default Organization,,,
LM_FINT_TXN_DEFAULTS,Product Business Unit,Product Business Unit,Y,,Default Organization,,,
LM_FINT_TXN_DEFAULTS,Program Business Unit,Program Business Unit,Y,,Default Organization,,,
LM_FINT_TXN_DEFAULTS,Qualifying Flag,Qualifying Flag,Y,,Y,,,
LM_FINT_TXN_DEFAULTS,Status,Status,Y,,Queued,,,
LM_FINT_TXN_DEFAULTS,Transaction Business Unit,Transaction Business Unit,Y,,Default Organization,,,
LM_FINT_TXN_DEFAULTS,Transaction Channel,Transaction Channel,Y,,Partner,,,
LM_FINT_TXN_DEFAULTS,Transaction Sub Type,Transaction Sub Type,Y,,Product,,,
LM_FINT_TXN_DEFAULTS,Transaction Type,Transaction Type,Y,,Accrual,,,
LM_FINT_TXN_DEFAULTS,Unaccompanied Minor,Unaccompanied Minor,Y,,N,,,
LM_FINT_TXN_DEFAULTS,Voucher Quantity,Voucher Quantity,Y,,0,,,
LM_FINT_FTP_DOWNLOADED_TYPE,Delete,Delete,Y,1,,,,
LM_FINT_FTP_DOWNLOADED_TYPE,Rename,Rename,Y,1,,,,